{
  "version": 1,
  "author": "Anonymous maker",
  "editor": "wokwi",
  "parts": [
    {
      "type": "board-esp32-devkit-c-v4",
      "id": "esp",
      "top": 66.06,
      "left": 140.9,
      "rotate": 270,
      "attrs": {}
    },
    { "type": "wokwi-dht22", "id": "dht1", "top": -143.7, "left": 234.6, "attrs": {} },
    {
      "type": "wokwi-resistor",
      "id": "r1",
      "top": 14.4,
      "left": 220.25,
      "rotate": 90,
      "attrs": { "value": "10000" }
    }
  ],
  "connections": [
    [ "esp:TX", "$serialMonitor:RX", "", [] ],
    [ "esp:RX", "$serialMonitor:TX", "", [] ],
    [ "dht1:VCC", "esp:3V3", "red", [ "h-115.2", "v86.4", "h-134.4", "v163.35" ] ],
    [ "dht1:VCC", "r1:1", "red", [ "v0" ] ],
    [ "dht1:GND", "esp:GND.2", "black", [ "v115.2", "h-163.2" ] ],
    [ "dht1:SDA", "esp:15", "gold", [ "v0" ] ],
    [ "esp:15", "r1:2", "gold", [ "v0" ] ]
  ],
  "dependencies": {}
}