{
  "version": 1,
  "author": "Anonymous maker",
  "editor": "wokwi",
  "parts": [
    {
      "type": "board-esp32-devkit-c-v4",
      "id": "esp",
      "top": 85.26,
      "left": 169.7,
      "rotate": 270,
      "attrs": {}
    },
    {
      "type": "wokwi-dht22",
      "id": "dht1",
      "top": -143.7,
      "left": 263.4,
      "attrs": { "temperature": "28.8", "humidity": "45" }
    },
    {
      "type": "board-ssd1306",
      "id": "oled1",
      "top": 156.74,
      "left": -95.77,
      "attrs": { "i2cAddress": "0x3c" }
    },
    {
      "type": "wokwi-resistor",
      "id": "r1",
      "top": 4.8,
      "left": 249.05,
      "rotate": 90,
      "attrs": { "value": "10000" }
    }
  ],
  "connections": [
    [ "esp:TX", "$serialMonitor:RX", "", [] ],
    [ "esp:RX", "$serialMonitor:TX", "", [] ],
    [ "esp:GND.2", "oled1:GND", "black", [ "v-86.4", "h-211.2" ] ],
    [ "oled1:VCC", "esp:3V3", "red", [ "v-48", "h86.55", "v172.8", "h105.6" ] ],
    [ "oled1:SCL", "esp:22", "blue", [ "v-96", "h192.3" ] ],
    [ "oled1:SDA", "esp:21", "green", [ "v-86.4", "h211.27" ] ],
    [ "dht1:GND", "esp:GND.2", "black", [ "v115.2", "h-19.2" ] ],
    [ "dht1:VCC", "esp:3V3", "red", [ "h-211.2", "v316.8", "h105.6" ] ],
    [ "esp:15", "dht1:SDA", "green", [ "v-144", "h-19.2" ] ],
    [ "esp:15", "r1:2", "green", [ "v0" ] ],
    [ "r1:1", "dht1:VCC", "green", [ "h0" ] ]
  ],
  "dependencies": {}
}