{
  "version": 1,
  "author": "Anonymous maker",
  "editor": "wokwi",
  "parts": [
    {
      "type": "board-esp32-devkit-c-v4",
      "id": "esp",
      "top": 56.46,
      "left": 64.1,
      "rotate": 270,
      "attrs": {}
    },
    {
      "type": "wokwi-rgb-led",
      "id": "rgb1",
      "top": -216.8,
      "left": 58.7,
      "attrs": { "common": "cathode" }
    },
    {
      "type": "wokwi-resistor",
      "id": "r1",
      "top": -178.45,
      "left": -19.2,
      "attrs": { "value": "220" }
    },
    {
      "type": "wokwi-resistor",
      "id": "r2",
      "top": -129.6,
      "left": 57.05,
      "rotate": 90,
      "attrs": { "value": "220" }
    },
    {
      "type": "wokwi-dht22",
      "id": "dht1",
      "top": -191.7,
      "left": 157.8,
      "attrs": { "humidity": "46", "temperature": "22.5" }
    },
    {
      "type": "board-ssd1306",
      "id": "oled1",
      "top": 79.94,
      "left": -258.97,
      "attrs": { "i2cAddress": "0x3c" }
    },
    {
      "type": "wokwi-buzzer",
      "id": "bz1",
      "top": -170.4,
      "left": -161.4,
      "attrs": { "volume": "0.1" }
    },
    {
      "type": "wokwi-resistor",
      "id": "r3",
      "top": -43.2,
      "left": 143.45,
      "rotate": 90,
      "attrs": { "value": "10000" }
    }
  ],
  "connections": [
    [ "esp:TX", "$serialMonitor:RX", "", [] ],
    [ "esp:RX", "$serialMonitor:TX", "", [] ],
    [ "oled1:GND", "esp:GND.2", "black", [ "v-38.4", "h240" ] ],
    [ "dht1:GND", "esp:GND.2", "black", [ "v96", "h-67.2" ] ],
    [ "bz1:1", "esp:GND.2", "black", [ "v105.6", "h172.8" ] ],
    [ "rgb1:COM", "esp:GND.2", "black", [ "v-0.4", "h-38.3" ] ],
    [ "bz1:2", "esp:27", "red", [ "v345.6", "h95.6" ] ],
    [ "oled1:VCC", "esp:3V3", "yellow", [ "v-48", "h192.15", "v172.8", "h57.6", "v-9.6" ] ],
    [ "dht1:VCC", "esp:3V3", "yellow", [ "v0", "h-278.4", "v259.2" ] ],
    [ "esp:15", "dht1:SDA", "red", [ "v0" ] ],
    [ "esp:15", "r3:2", "red", [ "v0" ] ],
    [ "dht1:VCC", "r3:1", "yellow", [ "v0" ] ],
    [ "oled1:SCL", "esp:22", "orange", [ "v-57.6", "h19.5" ] ],
    [ "rgb1:R", "r1:2", "yellow", [ "v0" ] ],
    [ "r1:1", "esp:18", "yellow", [ "v115.2", "h134.4", "v172.8" ] ],
    [ "rgb1:G", "r2:1", "yellow", [ "v0" ] ],
    [ "r2:2", "esp:23", "yellow", [ "h0" ] ],
    [ "oled1:SDA", "esp:21", "red", [ "v-76.8", "h9.67" ] ]
  ],
  "dependencies": {}
}